wc_id,sku,name,slug,price_eur,categories,tags,color,ocasion,short_description,featured,in_stock_flag,image
5510,F-CE.001,Centro Naranja,centro-naranja,85.0,funerarios | funerarios/funerarios-centros,centros-funerarios,"Blanco, Naranja",,"Centro de lilium naranja, alelies blancos y verdes variados",no,no (catálogo),https://floristeriatujardin.es/wp-content/uploads/2020/08/F-CE001.jpg
5520,F-CE.002,Centro Lisiantu,centro-lisiantu,95.0,funerarios | funerarios/funerarios-centros,centros-funerarios,"Amarillo, Blanco, Naranja",,"Centro de lisiantu blanco, lilium amarillo y astromedia naranja",no,no (catálogo),https://floristeriatujardin.es/wp-content/uploads/2020/08/F-CE002.jpg
5521,F-CE.003,Centro Amarillo,centro-amarillo,105.0,funerarios | funerarios/funerarios-centros,centros-funerarios,"Amarillo, Blanco, Rosa",,"Centro de alelies blancos, lilium amarillo y astromedia rosa",no,no (catálogo),https://floristeriatujardin.es/wp-content/uploads/2020/08/F-CE003.jpg
5522,F-CE.005,Centro Oriental,centro-oriental,125.0,funerarios | funerarios/funerarios-centros,centros-funerarios,"Amarillo, Blanco",,"Centro de oriental blanco, rosas y solidalgo amarillo y verdes variados",no,no (catálogo),https://floristeriatujardin.es/wp-content/uploads/2020/08/F-CE005.jpg
5523,F-CE.007,Centro Rojo,centro-rojo,140.0,funerarios | funerarios/funerarios-centros,centros-funerarios,"Blanco, Rojo",,"Cobertura de cladiolo blanco, lilium rojo, rosas blancas y verdes variados",no,no (catálogo),https://floristeriatujardin.es/wp-content/uploads/2020/08/F-CE007.jpg
5524,F-CE.008,Centro Blanco y Amarillo,centro-blanco-amarillo,140.0,funerarios | funerarios/funerarios-centros,centros-funerarios,"Amarillo, Blanco",,"Oriental blanco, lilium amarillo, rosas blancas y amarillas, verdes variados",no,no (catálogo),https://floristeriatujardin.es/wp-content/uploads/2020/08/F-CE008.jpg
5525,F-CE.009,Centro Rosa,centro-rosa,140.0,funerarios | funerarios/funerarios-centros,centros-funerarios,"Amarillo, Rosa",,"Centro de oriental blanco, lilium y rosas rosas, paniculata y verdes variados",no,no (catálogo),https://floristeriatujardin.es/wp-content/uploads/2020/08/F-CE009.jpg
5526,F-CE.012,Centro Dama Blanca,centro-dama-blanca,150.0,funerarios | funerarios/funerarios-centros,centros-funerarios,"Amarillo, Rojo",,"Elegante centro de oriental blanco, rosas rojas y verdes variados",no,no (catálogo),https://floristeriatujardin.es/wp-content/uploads/2020/08/F-CE012.jpg
5527,F-CE.014,Centro de Rosas,centro-de-rosas,180.0,funerarios | funerarios/funerarios-centros,centros-funerarios,Blanco,,"Centro en abanico de rosas blancas, paniculata y verdes variados",no,no (catálogo),https://floristeriatujardin.es/wp-content/uploads/2020/08/F-CE014.jpg
5040,F-CO.001,Corona Blanca,corona-blanca,150.0,funerarios | funerarios/coronas,coronas,Blanco,,Corona cabezal margaritas blancas y claveles rojos y aro clavel blanco con verdes variados.,no,no (catálogo),https://floristeriatujardin.es/wp-content/uploads/2020/01/F-CO001.jpg
5033,F-CO.002,Corona Roja,corona-roja,150.0,funerarios | funerarios/coronas,coronas,Rojo,,"Corona cabezal margaritas y claveles blancas, aro rojo y verdes variados",no,no (catálogo),https://floristeriatujardin.es/wp-content/uploads/2020/01/F-CO002.jpg
4866,F-CO.003,Corona Basic,corona-basic,160.0,funerarios | funerarios/coronas,coronas,Blanco,,"Corona de lilium rosa, claveles blancos y verdes variados",no,no (catálogo),https://floristeriatujardin.es/wp-content/uploads/2020/01/F-CO003.jpg
3856,F-CO.004,Corona Lilium,corona-lilium,170.0,funerarios | funerarios/coronas,coronas,Blanco,,Corona de lilium y claveles blancos con verdes variados.,no,no (catálogo),https://floristeriatujardin.es/wp-content/uploads/2020/01/F-CO004.jpg
3855,F-CO.005,Corona Rayas,corona-rayas,180.0,funerarios | funerarios/coronas,coronas,"Blanco, Rosa",,corona cabezal surtido con aro de claveles blancos y rosas a rayas,no,no (catálogo),https://floristeriatujardin.es/wp-content/uploads/2020/01/F-CO005.jpg
5498,F-CO.007,Corona Multicolor,corona-multicolor,200.0,funerarios | funerarios/coronas,coronas,Multicolor,,Corona de flores surtidas con verdes variados,no,no (catálogo),https://floristeriatujardin.es/wp-content/uploads/2020/01/F-CO007.jpg
5499,F-CO.008,Corona Cladiolos,corona-cladiolos,210.0,funerarios | funerarios/coronas,coronas,"Blanco, Rojo",,"Corona cabezal de cladiolo blanco y rosas rojas, aro de clavel blanco",no,no (catálogo),https://floristeriatujardin.es/wp-content/uploads/2020/01/F-CO008.jpg
5500,F-CO.010,Corona Perla,corona-perla,230.0,funerarios | funerarios/coronas,coronas,"Blanco, Rojo",,"Corona cabezal rosas rojas, aro de clavel blanco y verdes variados",no,no (catálogo),https://floristeriatujardin.es/wp-content/uploads/2020/01/F-CO010.jpg
5501,F-CO.011,Corona Rosa,corona-rosa,240.0,funerarios | funerarios/coronas,coronas,"Blanco, Rojo, Rosa",,Cabezal de cladiolos y flores surtidas y aro de clavel rosa,no,no (catálogo),https://floristeriatujardin.es/wp-content/uploads/2020/01/F-CO011.jpg
5503,F-CO.015,Corona Standard,corona-standard,270.0,funerarios | funerarios/coronas,coronas,"Blanco, Rojo",,"Elegante cabezal de oriental blanco, rosas y gerveras rojas y aro de clavel blanco y rojo",no,no (catálogo),https://floristeriatujardin.es/wp-content/uploads/2020/01/F-CO015.jpg
5504,F-CO.017,Corona Pastel,corona-pastel,280.0,funerarios | funerarios/coronas,coronas,"Blanco, Rosa",,Cabezal y aro en colores blancos y rosas muy suaves y verdes variados,no,no (catálogo),https://floristeriatujardin.es/wp-content/uploads/2020/01/F-CO017.jpg
5505,F-CO.021,Corona Mixta,corona-mixta,320.0,funerarios | funerarios/coronas,coronas,"Blanco, Rojo, Rosa",,"Margaritas,claveles, lilium y rosas componen esta corona variada con verdes surtidos",no,no (catálogo),https://floristeriatujardin.es/wp-content/uploads/2020/01/F-CO021.jpg
5506,F-CO.024,Corona Select,corona-select,350.0,funerarios | funerarios/coronas,coronas,Rojo,,"Surtido cabezal de flores variadas, aro rojo y minicabezal blanco",no,no (catálogo),https://floristeriatujardin.es/wp-content/uploads/2020/01/F-CO024.jpg
5508,F-CO.025,Dama Blanca,corona-dama-blanca,360.0,funerarios | funerarios/coronas,coronas,Blanco,,"Elegante cabezal de oriental, alelies y rosas blancas, con aro en blanco y cobertura de verdes mix.",no,no (catálogo),https://floristeriatujardin.es/wp-content/uploads/2020/01/F-CO025.jpg
5507,F-CO.029,Corona Rosas Bicolor,corona-rosas-bicolor,600.0,funerarios | funerarios/coronas,coronas,"Blanco, Rojo",,"Corona integra de rosas rojas y blancas, cabezal de oriental blanco y rosas rojas.",no,no (catálogo),https://floristeriatujardin.es/wp-content/uploads/2020/01/F-CO029.jpg
5509,F-CO.030,Corona Rosas Excelent,corona-rosas-excelent,600.0,funerarios | funerarios/coronas,coronas,Blanco,,"Cabezal de oriental y lisiantus blanco, aro de rosas blancas y minicabezal blanco",no,no (catálogo),https://floristeriatujardin.es/wp-content/uploads/2020/01/F-CO030.jpg
5544,F-CR.001,Cruz Claveles y Rosas,cruz-claveles-rosas,190.0,funerarios | funerarios/cruces,cruces,"Blanco, Rojo",,Cruz de claveles blancos con linea de rosas rojas y verdes variados,no,no (catálogo),https://floristeriatujardin.es/wp-content/uploads/2020/08/F-CR001.jpg
5584,F-CR.002,Cruz Claveles,cruz-claveles,170.0,funerarios | funerarios/cruces,cruces,Blanco,,"Cruz de claveles, lilium, rosas blancas, margaritas y verdes variados",no,no (catálogo),https://floristeriatujardin.es/wp-content/uploads/2020/08/F-CR002.jpg
5583,F-CR.003,Cruz Rosas,cruz-rosas,260.0,funerarios | funerarios/cruces,cruces,Blanco,,"Cruz de rosas blancas, lilium y verdes variados",no,no (catálogo),https://floristeriatujardin.es/wp-content/uploads/2020/08/F-CR003.jpg
5528,F-RA.001,Ramo Blanco y Amarillo,ramo-blanco-amarillo,85.0,funerarios/funerarios-ramos | funerarios,ramos-funerarios,"Amarillo, Blanco",,"Ramo de cladiolo y margarita blancos, lilium amarillo y rosas rosa",no,no (catálogo),https://floristeriatujardin.es/wp-content/uploads/2020/08/F-RA001.jpg
5535,F-RA.002,Ramo Rosa y Blanco,ramo-rosa-blanco,95.0,funerarios/funerarios-ramos | funerarios,ramos-funerarios,"Blanco, Rosa",,"Ramo de cladiolos y margaritas blancas y lilium,rosas y margaritas rosas",no,no (catálogo),https://floristeriatujardin.es/wp-content/uploads/2020/08/F-RA002.jpg
5536,F-RA.004,Ramo Lilium,ramo-lillium,110.0,funerarios/funerarios-ramos | funerarios,ramos-funerarios,"Amarillo, Blanco",,"Ramo de lilium amarillo, cladiolo, margaritas y rosas blancas",no,no (catálogo),https://floristeriatujardin.es/wp-content/uploads/2020/08/F-RA004.jpg
5537,F-RA.005,Ramo Rojo,ramo-rojo,120.0,funerarios/funerarios-ramos | funerarios,ramos-funerarios,"Blanco, Naranja, Rojo",,"Ramo de lilium rojo y naranja, rosas, margaritas y cladiolos blancos",no,no (catálogo),https://floristeriatujardin.es/wp-content/uploads/2020/08/F-RA005.jpg
5538,F-RA.006,Ramo Mixto,ramo-mixto,130.0,funerarios/funerarios-ramos | funerarios,ramos-funerarios,"Blanco, Naranja, Rojo",,Ramo de flores variadas con paniculata y verde,no,no (catálogo),https://floristeriatujardin.es/wp-content/uploads/2020/08/F-RA006.jpg
5539,F-RA.007,Ramo Blanco,ramo-blanco,140.0,funerarios/funerarios-ramos | funerarios,ramos-funerarios,"Blanco, Rosa",,Ramo surtido de flores blancas con toque de rosas rosas,no,no (catálogo),https://floristeriatujardin.es/wp-content/uploads/2020/08/F-RA007.jpg
5540,F-ZO.001,Corazón Rojo,corazon-rojo,100.0,funerarios | funerarios/corazones,corazones,"Blanco, Rojo",,Corazon de rosas y claveles blancos y rojos y verdes variados,no,no (catálogo),https://floristeriatujardin.es/wp-content/uploads/2020/08/F-ZO001.jpg
5543,F-ZO.002,Corazón Rosas,corazon-rosas,195.0,funerarios | funerarios/corazones,corazones,Blanco,,Corazon integro de rosas blancas con paniculata y verdes variados,no,no (catálogo),https://floristeriatujardin.es/wp-content/uploads/2020/08/F-ZO002.jpg
5650,FL-R.040,Rosa Preservada Cúpula,rosa-preservada-cupula,25.0,flores/preservadas | flores,"preservado, rosas",Rojo,,TODO: pendiente,no,no (catálogo),https://floristeriatujardin.es/wp-content/uploads/2020/08/FL-P040.jpg
5660,FL-R.041,Rosa Preservada Quesera,rosa-preservada-quesera,14.0,flores/preservadas | flores,"preservado, rosas",Rojo,,TODO: pendiente,no,no (catálogo),https://floristeriatujardin.es/wp-content/uploads/2020/08/FL-P041.jpg
5661,FL-R.042,Rosmelia Preservada Cúpula,rosmelia-preservada-cupula,35.0,flores/preservadas | flores,"preservado, rosas",Rojo,,TODO: pendiente,no,no (catálogo),https://floristeriatujardin.es/wp-content/uploads/2020/08/FL-P042.jpg
5662,FL-R.043,Rosa Preservada Farol,rosa-preservada-farol,32.0,flores/preservadas | flores,"preservado, rosas",Rojo,,TODO: pendiente,no,no (catálogo),https://floristeriatujardin.es/wp-content/uploads/2020/08/FL-P043.jpg
5663,FL-R.044,Caja Corazón Rosmelia Preservada,caja-corazon-rosmelia,18.5,flores/preservadas | flores,"preservado, rosas",Rojo,,TODO: pendiente,no,no (catálogo),https://floristeriatujardin.es/wp-content/uploads/2020/08/FL-P044.jpg
5664,FL-R.045,Rosa Preservada Caja,rosa-preservada-caja,8.5,flores/preservadas | flores,"preservado, rosas",Multicolor,,TODO: pendiente,no,no (catálogo),https://floristeriatujardin.es/wp-content/uploads/2020/08/FL-P045.jpg
5665,FL-R.046,Rosa Preservada Caja,rosa-preservada-caja-2,14.0,flores/preservadas | flores,"preservado, rosas",Multicolor,,TODO: pendiente,no,no (catálogo),https://floristeriatujardin.es/wp-content/uploads/2020/08/FL-P046.jpg
5666,FL-R.048,Rosa Preservada Cúpula,rosa-preservada-cupula-2,32.0,flores/preservadas | flores,"preservado, rosas",Rojo,,TODO: pendiente,no,no (catálogo),https://floristeriatujardin.es/wp-content/uploads/2020/08/FL-P048.jpg
5667,FL-R.049,Bouquet Rosas,bouquet-rosas,30.0,flores/ramos-flores | flores/rosas | flores,"ramos-flores, rosas",Rojo,,Seis rosas con pedrería y pluma roja,no,no (catálogo),https://floristeriatujardin.es/wp-content/uploads/2020/08/FL-R049.jpg
5685,FL-R.050,Rosa Individual Spider,rosa-spider,6.0,flores/rosas | flores,rosas,Rojo,,"Rosa decorada con verdes variados, paniculata y malla",no,no (catálogo),https://floristeriatujardin.es/wp-content/uploads/2020/08/FL-R050.jpg
5686,FL-R.051,Ramo Rosas Morgana,ramo-rosas-morgana,155.0,flores/ramos-flores | flores/rosas | flores,"ramos-flores, rosas",Multicolor,,Cuatro docenas de rosas variadas con verdes,no,no (catálogo),https://floristeriatujardin.es/wp-content/uploads/2020/08/FL-R051.jpg
5687,FL-R.052,Centro Rosas Cinnia,centro-rosas-cinnia,30.0,flores/centros-flores | flores/rosas | flores,"centro-flores, rosas",Rojo,,Cinco rosas decoradas con variedad de verde,no,no (catálogo),https://floristeriatujardin.es/wp-content/uploads/2020/08/FL-R052.jpg
5690,FL-R.053,Centro Rosas Elvia,centro-rosas-elvia,35.0,flores/centros-flores | flores/rosas | flores,"centro-flores, rosas","Rojo, Rosa",,"Composición floral de cuatro rosas, cuatro lilium y verdes varios",no,no (catálogo),https://floristeriatujardin.es/wp-content/uploads/2020/08/FL-R053.jpg
5691,FL-R.054,Rosa Corazón,rosa-corazon,7.0,flores/rosas | flores,rosas,Rojo,,Rosa decorada con paniculata hoja chico y bouquet corazón,no,no (catálogo),https://floristeriatujardin.es/wp-content/uploads/2020/08/FL-R054.jpg
5692,FL-R.055,Bouquet Rosas y Calas Atenas,bouquet-rosas-calas-atenas,35.0,flores/ramos-flores | flores/rosas | flores,"ramos-flores, rosas","Blanco, Rojo",,"Composición con seis rosas, tres calas, paniculata y verdes",no,no (catálogo),https://floristeriatujardin.es/wp-content/uploads/2020/08/FL-R055.jpg
5693,FL-R.056,Ramo Rosas Poema,ramo-rosas-poema,40.0,flores/ramos-flores | flores/rosas | flores,"ramos-flores, rosas","Amarillo, Blanco",,"Ramo compuesto por diez rosas, paniculata y verdes",no,no (catálogo),https://floristeriatujardin.es/wp-content/uploads/2020/08/FL-R056.jpg
5694,FL-R.057,Rosa decorada,rosa-decorada,5.0,flores/rosas | flores,rosas,Rojo,,Una Rosa decorada con paniculata y verdes,no,no (catálogo),https://floristeriatujardin.es/wp-content/uploads/2020/08/FL-R057.jpg
5695,FL-R.058,Ramo Rosas Ares,ramo-rosas-ares,25.0,flores/ramos-flores | flores/rosas | flores,"ramos-flores, rosas",Rojo,,Una Rosa decorada con paniculata y verdes,no,no (catálogo),https://floristeriatujardin.es/wp-content/uploads/2020/08/FL-R058.jpg
5696,FL-R.059,Ramo Rosas Noha,ramo-rosas-noha,45.0,flores/ramos-flores | flores/rosas | flores,"ramos-flores, rosas",Rojo,,Doce rosas decoradas con paniculata y verdes,no,no (catálogo),https://floristeriatujardin.es/wp-content/uploads/2020/08/FL-R059.jpg
5697,FL-R.060,Ramo Rosas Elma,ramo-rosas-elma,90.0,flores/ramos-flores | flores/rosas | flores,"ramos-flores, rosas","Amarillo, Blanco, Rojo",,Veintiocho rosas decoradas con paniculata y verdes,no,no (catálogo),https://floristeriatujardin.es/wp-content/uploads/2020/08/FL-R060.jpg
5698,FL-R.061,Ramo Rosas Cora,ramo-rosas-cora,65.0,flores/ramos-flores | flores/rosas | flores,"ramos-flores, rosas",Rojo,,Dieciocho rosas decoradas con paniculata y verdes,no,no (catálogo),https://floristeriatujardin.es/wp-content/uploads/2020/08/FL-R061.jpg
5699,FL-R.062,Ramo Rosas Bali,ramo-rosas-bali,45.0,flores/ramos-flores | flores/rosas | flores,"ramos-flores, rosas","Amarillo, Naranja, Rojo, Rosa",,Doce Rosas variadas y verdes,no,no (catálogo),https://floristeriatujardin.es/wp-content/uploads/2020/08/FL-R062.jpg
5700,FL-R.063,Bouquet Rosas Capri,bouquet-rosas-capri,45.0,flores/ramos-flores | flores/rosas | flores,"ramos-flores, rosas",Amarillo,,Diez rosas amarillas y verdes,no,no (catálogo),https://floristeriatujardin.es/wp-content/uploads/2020/08/FL-R063.jpg
5701,FL-R.064,Bouquet Rosas Saona,bouquet-rosas-saona,16.0,flores/ramos-flores | flores/rosas | flores,"ramos-flores, rosas",Rojo,,Tres rosas decoradas en bouquet de sisal con paniculata y verdes,no,no (catálogo),https://floristeriatujardin.es/wp-content/uploads/2020/08/FL-R064.jpg
5702,FL-R.065,Bouquet Rosas Kira,bouquet-rosas-kira,18.0,flores/ramos-flores | flores/rosas | flores,"ramos-flores, rosas",Rojo,,Cuatro rosas decoradas con paniculata y verdes,sí,no (catálogo),https://floristeriatujardin.es/wp-content/uploads/2020/08/FL-R065.jpg
5768,OC-EN.103,Centro Orquídeas,centro-orquideas,25.0,ocasiones/enamorados | ocasiones,"enamorados, ocasiones",Rojo,Enamorados,"Composición de cuatro orquídeas, hypericum, bombones, verdes variados y motivos de enamorados",no,no (catálogo),https://floristeriatujardin.es/wp-content/uploads/2020/08/OC-EN103.jpg
5779,OC-EN.104,Centro Rosas y Orquídeas,centro-rosas-orquideas,30.0,ocasiones/enamorados | ocasiones,"enamorados, ocasiones","Amarillo, Rojo",Enamorados,"Composición de tres rosas, tres orquídeas, crisantemos y verdes variados",no,no (catálogo),https://floristeriatujardin.es/wp-content/uploads/2020/08/OC-EN104.jpg
5780,OC-EN.105,Centro Anthurium y Orquídeas,centro-anthurium-y-orquideas,30.0,ocasiones/enamorados | ocasiones,"enamorados, ocasiones","Amarillo, Rojo",Enamorados,"Composición de dos anthurium, tres orquídeas, caja de bombones y verdes variados",no,no (catálogo),https://floristeriatujardin.es/wp-content/uploads/2020/08/OC-EN105.jpg
5781,OC-EN.106,Centro Anthurium y Orquídeas,centro-anthurium-y-orquideas-2,35.0,ocasiones/enamorados | ocasiones,"enamorados, ocasiones","Blanco, Rojo",Enamorados,"Composición de tres anthurium, tres orquídeas, caja de bombones y verdes variados",no,no (catálogo),https://floristeriatujardin.es/wp-content/uploads/2020/08/OC-EN106.jpg
5782,OC-EN.107,Cesta Orquídeas,cesta-orquideas,20.0,ocasiones/enamorados | ocasiones,"enamorados, ocasiones","Blanco, Violeta",Enamorados,"Composición de tres orquídeas, verdes variados y decoración de enamorados",no,no (catálogo),https://floristeriatujardin.es/wp-content/uploads/2020/08/OC-EN107.jpg
5783,OC-EN.108,Centro Osito,centro-osito,16.0,ocasiones/enamorados | ocasiones,"enamorados, ocasiones","Blanco, Violeta",Enamorados,"Composición de dos orquídeas,peluche y verdes variados",no,no (catálogo),https://floristeriatujardin.es/wp-content/uploads/2020/08/OC-EN108.jpg
5784,OC-EN.109,Centro Orquídeas,centro-orquideas-2,22.0,ocasiones/enamorados | ocasiones,"enamorados, ocasiones","Blanco, Rojo, Violeta",Enamorados,"Composición de tres orquídeas, peluche y verdes variados",no,no (catálogo),https://floristeriatujardin.es/wp-content/uploads/2020/08/OC-EN109.jpg
5785,OC-EN.110,Centrito Orquídeas,centrito-orquideas,16.0,ocasiones/enamorados | ocasiones,"enamorados, ocasiones","Blanco, Rojo, Violeta",Enamorados,"Composición de dos orquídeas, peluche mariquita y verdes variados",no,no (catálogo),https://floristeriatujardin.es/wp-content/uploads/2020/08/OC-EN110.jpg
5786,OC-EN.111,Peluche con Orquídea,peluche-orquidea,15.0,ocasiones/enamorados | ocasiones,"enamorados, ocasiones","Blanco, Rojo, Violeta",Enamorados,"Composición de orquídea, peluche y verdes variados",no,no (catálogo),https://floristeriatujardin.es/wp-content/uploads/2020/08/OC-EN111.jpg
5787,OC-EN.112,Ramo de Rosas con Peluche,ramo-rosas-peluche,95.0,ocasiones/enamorados | ocasiones,"enamorados, ocasiones",Rosa,Enamorados,"Composición de dos docenas de rosas, peluche y verdes variados",no,no (catálogo),https://floristeriatujardin.es/wp-content/uploads/2020/08/OC-EN112.jpg
5640,OC-N.032,Cesta plantas Navidad,cesta-navidad,20.0,ocasiones/navidad | ocasiones,"navidad, ocasiones",Rojo,Navidad,Plantas de temporada Navidad,no,no (catálogo),https://floristeriatujardin.es/wp-content/uploads/2020/08/OC-N032.jpg
5646,OC-N.034,Centro mesa Navidad,centro-navidad,25.0,ocasiones/navidad | ocasiones,"navidad, ocasiones",Rojo,Navidad,Centro de flor variada y de temporada con motivos navideños,no,no (catálogo),https://floristeriatujardin.es/wp-content/uploads/2020/08/OC-N034.jpg
5647,OC-N.035,Centro mesa Navidad,centro-mesa-navidad-2,25.0,ocasiones/navidad | ocasiones,"navidad, ocasiones","Blanco, Rojo",Navidad,Centro de flor de temporada con motivos navideños,no,no (catálogo),https://floristeriatujardin.es/wp-content/uploads/2020/08/OC-N035.jpg
5648,OC-N.036,Centro Navideño,centro-navideno,15.0,ocasiones/navidad | ocasiones,"navidad, ocasiones",Blanco,Navidad,Centro de flor de temporada con motivos navideños,no,no (catálogo),https://floristeriatujardin.es/wp-content/uploads/2020/08/OC-N036.jpg
5649,OC-N.037,Pinos Decorados,pinos-decorados,6.0,ocasiones/navidad | ocasiones,"navidad, ocasiones",Rojo,Navidad,TODO: pendiente,no,no (catálogo),https://floristeriatujardin.es/wp-content/uploads/2020/08/OC-N037.jpg
5762,OC-NA.085,Bouquet Chamberí,bouquet-chamberi,30.0,ocasiones/nacimiento | ocasiones,"nacimiento, ocasiones","Amarillo, Blanco, Rojo, Violeta",Nacimiento,"Composición de un peluche, una rosa, dos lilium, cuatro crisantemos y bouquet plumas",no,no (catálogo),https://floristeriatujardin.es/wp-content/uploads/2020/08/OC-NA085.jpg
5766,OC-NA.097,Bouquet Hechizo,bouquet-hechizo,65.0,ocasiones/nacimiento | ocasiones,"nacimiento, ocasiones",Multicolor,Nacimiento,"Composición de statis, cuatro gerberas, seis crisantemos, seis rosas, cuatro girasoles, cuatro lilium, un peluche y verdes variados",no,no (catálogo),https://floristeriatujardin.es/wp-content/uploads/2020/08/OC-NA097.jpg
5767,OC-NA.098,Tartas Bebé,tartas-bebe,25.0,ocasiones/nacimiento | ocasiones,"nacimiento, ocasiones",,Nacimiento,TODO: pendiente,no,no (catálogo),https://floristeriatujardin.es/wp-content/uploads/2020/08/OC-NA098.jpg
5703,OC-RE.066,Bouquet Emoción,bouquet-emocion,50.0,ocasiones | ocasiones/regalo,"ocasiones, regalo","Blanco, Rojo, Rosa",Regalo,"Tres rosas, siete tulipanes tres hypericum, tres crisantemos y tres lisianthus",no,no (catálogo),https://floristeriatujardin.es/wp-content/uploads/2020/08/OC-RE066.jpg
5732,OC-RE.067,Centro Anthurium,centro-anthurium,55.0,ocasiones | ocasiones/regalo,"ocasiones, regalo","Blanco, Rojo",Regalo,"Centro cristal anthurium rojo, hypericum, verdes y astomelia",no,no (catálogo),https://floristeriatujardin.es/wp-content/uploads/2020/08/OC-RE067.jpg
5733,OC-RE.068,Ramo Gerberas Mimoso,ramo-gerberas-mimoso,30.0,ocasiones | ocasiones/regalo,"ocasiones, regalo",Multicolor,Regalo,Dieciocho gerberas variadas y verdes,no,no (catálogo),https://floristeriatujardin.es/wp-content/uploads/2020/08/OC-RE068.jpg
5734,OC-RE.069,Centro Oriental,centro-oriental-2,40.0,ocasiones | ocasiones/regalo,"ocasiones, regalo","Blanco, Rosa",Regalo,"Cuatro oriental, cuatro gerberas, tres crisantemos y lisianthus",sí,no (catálogo),https://floristeriatujardin.es/wp-content/uploads/2020/08/OC-RE069.jpg
5735,OC-RE.070,Abanico,abanico,50.0,ocasiones | ocasiones/regalo,"ocasiones, regalo",Multicolor,Regalo,"Dos lilium, dos anthurium, cuatro tulipanes, tres crisantemos, cuatro gerberas, dos strelitzias y verdes",no,no (catálogo),https://floristeriatujardin.es/wp-content/uploads/2020/08/OC-RE070.jpg
5736,OC-RE.071,Bouquet Sonrisa,bouquet-sonrisa,25.0,ocasiones | ocasiones/regalo,"ocasiones, regalo",Multicolor,Regalo,"Dos lilium, dos orquídeas, cuatro crisantemos, dos gerberas, verdes y bouquet de plumas",no,no (catálogo),https://floristeriatujardin.es/wp-content/uploads/2020/08/OC-RE071.jpg
5738,OC-RE.072,Bouquet Calma,bouquet-calma,6.0,ocasiones | ocasiones/regalo,"ocasiones, regalo",Blanco,Regalo,"Lilium, panicualata y verdes",no,no (catálogo),https://floristeriatujardin.es/wp-content/uploads/2020/08/OC-RE072.jpg
5739,OC-RE.073,Bouquet Strelitzia,bouquet-strelitzia,15.0,ocasiones | ocasiones/regalo,"ocasiones, regalo",Naranja,Regalo,Dos strelitzias y verdes variados,no,no (catálogo),https://floristeriatujardin.es/wp-content/uploads/2020/08/OC-RE073.jpg
5740,OC-RE.074,Centro Delicia,centro-delicia,55.0,ocasiones | ocasiones/regalo,"ocasiones, regalo",Multicolor,Regalo,"Cinco strelitzia, ocho gerberas, seis lirium y tres crisantemos",no,no (catálogo),https://floristeriatujardin.es/wp-content/uploads/2020/08/OC-RE074.jpg
5741,OC-RE.075,Ramo Tornasol,ramo-tornasol,35.0,ocasiones | ocasiones/regalo,"ocasiones, regalo","Amarillo, Blanco, Violeta",Regalo,"Composición de siete girasoles, tres margaritas, dos rosas y tres solidalgo",sí,no (catálogo),https://floristeriatujardin.es/wp-content/uploads/2020/08/OC-RE075.jpg
5742,OC-RE.076,Bouquet Dulzura,bouquet-dulzura,25.0,ocasiones | ocasiones/regalo,"ocasiones, regalo",Multicolor,Regalo,"Composición de tres gerberas, tres crisantemos, tres lilium en bouquet de cristal",no,no (catálogo),https://floristeriatujardin.es/wp-content/uploads/2020/08/OC-RE076.jpg
5743,OC-RE.077,Centro Infinito,centro-infinito,55.0,ocasiones | ocasiones/regalo,"ocasiones, regalo",Multicolor,Regalo,"Cinco crisantemos, seis gerberas, dos solidalgo, cinco lilium, un alelí, cinco astromelia y tres rosas",no,no (catálogo),https://floristeriatujardin.es/wp-content/uploads/2020/08/OC-RE077.jpg
5744,OC-RE.078,Bouquet Abril,bouquet-abril,45.0,ocasiones | ocasiones/regalo,"ocasiones, regalo",Multicolor,Regalo,"Tres girasoles, tres crisantemos, dos orientales, cuatro lilium, flor de cera y verdes",no,no (catálogo),https://floristeriatujardin.es/wp-content/uploads/2020/08/OC-RE078.jpg
5745,OC-RE.079,Bouquet Leire,bouquet-leire,45.0,ocasiones | ocasiones/regalo,"ocasiones, regalo",Multicolor,Regalo,"Seis crisantemos, seis gerberas, seis astromelia, cinco lilium, dos girasoles y verdes variados",no,no (catálogo),https://floristeriatujardin.es/wp-content/uploads/2020/08/OC-RE079.jpg
5746,OC-RE.080,Ramo Minerva,ramo-minerva,65.0,ocasiones | ocasiones/regalo,"ocasiones, regalo",Multicolor,Regalo,"Composición de ocho rosas, seis crisantemos, seis orientales y verdes variados",no,no (catálogo),https://floristeriatujardin.es/wp-content/uploads/2020/08/OC-RE080.jpg
5747,OC-RE.081,Ramo Habana,ramo-habana,45.0,ocasiones | ocasiones/regalo,"ocasiones, regalo",Multicolor,Regalo,"Composición de cuatro rosas, ocho crisantemos, cuatro gerberas, cinco lilium y verdes",no,no (catálogo),https://floristeriatujardin.es/wp-content/uploads/2020/08/OC-RE081.jpg
5748,OC-RE.082,Ramo Maldivas,ramo-maldivas,50.0,ocasiones | ocasiones/regalo,"ocasiones, regalo",Multicolor,Regalo,"Composición de seis rosas, dos anastasias, tres solidalgo, tres lilium, tres girasoles, dos crisantemos, seis claveles y verdes variados",no,no (catálogo),https://floristeriatujardin.es/wp-content/uploads/2020/08/OC-RE082.jpg
5749,OC-RE.083,Ramo Venecia,ramo-venecia,35.0,ocasiones | ocasiones/regalo,"ocasiones, regalo","Blanco, Rojo",Regalo,"Composición de cinco rosas, seis lilium y verdes variados",no,no (catálogo),https://floristeriatujardin.es/wp-content/uploads/2020/08/OC-RE083.jpg
5750,OC-RE.084,Ramo Cartagena,ramo-cartagena,50.0,ocasiones | ocasiones/regalo,"ocasiones, regalo",Multicolor,Regalo,TODO: pendiente,no,no (catálogo),https://floristeriatujardin.es/wp-content/uploads/2020/08/OC-RE084.jpg
5751,OC-RE.086,Bouquet Acapulco,bouquet-acapulco,25.0,ocasiones | ocasiones/regalo,"ocasiones, regalo",Naranja,Regalo,Composición de doce gerberas y verdes variados,no,no (catálogo),https://floristeriatujardin.es/wp-content/uploads/2020/08/OC-RE086.jpg
5753,OC-RE.087,Centro Mosaico,centro-mosaico,50.0,ocasiones | ocasiones/regalo,"ocasiones, regalo",Multicolor,Regalo,"Composición de ocho gerberas, seis claveles, doce crisantemos, seis lilium y verdes variados",no,no (catálogo),https://floristeriatujardin.es/wp-content/uploads/2020/08/OC-RE087.jpg
5754,OC-RE.088,Bouquet Amanecer,bouquet-amanecer,30.0,ocasiones | ocasiones/regalo,"ocasiones, regalo",Rosa,Regalo,"Composición de tres rosas, tres gerberas, cuatro astromelias y verdes variados",no,no (catálogo),https://floristeriatujardin.es/wp-content/uploads/2020/08/OC-RE088.jpg
5755,OC-RE.089,Bouquet Cies,bouquet-cies,25.0,ocasiones | ocasiones/regalo,"ocasiones, regalo",Multicolor,Regalo,"Composición de un lilium, seis gerberas, dos girasoles, tres crisantemos y verdes variados",no,no (catálogo),https://floristeriatujardin.es/wp-content/uploads/2020/08/OC-RE089.jpg
5756,OC-RE.090,Centro Elian,centro-elian,55.0,ocasiones | ocasiones/regalo,"ocasiones, regalo",Multicolor,Regalo,"Composición de tres rosas, seis lilium, cinco astromedias, cinco gerberas, cuatro crisantemos, dos solidalgo y verdes variados",no,no (catálogo),https://floristeriatujardin.es/wp-content/uploads/2020/08/OC-RE090.jpg
5757,OC-RE.091,Bouquet Ninara,bouquet-ninara,15.0,ocasiones | ocasiones/regalo,"ocasiones, regalo","Blanco, Rosa",Regalo,"Composición de cuatro gerberas, paniculata, verdes variados y bouquet sisal",no,no (catálogo),https://floristeriatujardin.es/wp-content/uploads/2020/08/OC-RE091.jpg
5758,OC-RE.092,Bombonera Flores,bombonera-flores,15.0,ocasiones | ocasiones/regalo,"ocasiones, regalo","Amarillo, Rojo",Regalo,"Bombonera con un lilium, una rosa, dos crisantemos y verdes variado",no,no (catálogo),https://floristeriatujardin.es/wp-content/uploads/2020/08/OC-RE092.jpg
5759,OC-RE.093,Cesta Campestre,cesta-campestre,45.0,ocasiones | ocasiones/regalo,"ocasiones, regalo",Multicolor,Regalo,"Cesta decorada con cuatro rosas, seis lilium, siete crisantemos, seis claveles y verdes variados",no,no (catálogo),https://floristeriatujardin.es/wp-content/uploads/2020/08/OC-RE093.jpg
5760,OC-RE.094,Cesta Primavera,cesta-primavera,40.0,ocasiones | ocasiones/regalo,"ocasiones, regalo",Multicolor,Regalo,"Cesta decorada con cuatro rosas, cuatro lilium, seis claveles, una oriental, dos crisantemos y verdes variados",no,no (catálogo),https://floristeriatujardin.es/wp-content/uploads/2020/08/OC-RE094.jpg
5761,OC-RE.095,Bouquet Saint Michel,bouquet-saint-michel,65.0,ocasiones | ocasiones/regalo,"ocasiones, regalo","Amarillo, Blanco, Violeta",Regalo,"Composición de statis, cinco gerberas, ocho crisantemos, cuatro girasoles, ocho rosas, cinco lilium y verdes variados",no,no (catálogo),https://floristeriatujardin.es/wp-content/uploads/2020/08/OC-RE095.jpg
5608,P-C.005,Centro Cactus,centro-cactus,15.0,plantas/centros-plantas | plantas,"cactus, centros-plantas, plantas",,,TODO: pendiente,no,no (catálogo),https://floristeriatujardin.es/wp-content/uploads/2020/08/P-C005.jpg
5618,P-C.006,Centro Plantas,centro-plantas,25.0,plantas/centros-plantas | plantas,"centros-plantas, plantas","Naranja, Rosa",,"Composición hiedra, hypoestes esparraguera y cyclamen",no,no (catálogo),https://floristeriatujardin.es/wp-content/uploads/2020/08/P-C006.jpg
5620,P-C.007,Cesta Plantas Milos,cesta-plantas-milos,35.0,plantas/centros-plantas | plantas,"centros-plantas, plantas","Rosa, Violeta",,"Composición esparraguera, ficus, violetas, alegría chamaedorea",no,no (catálogo),https://floristeriatujardin.es/wp-content/uploads/2020/08/P-C007.jpg
5621,P-C.008,Centro Suculentas,centro-suculentas,18.0,plantas/centros-plantas | plantas,"cactus, centros-plantas, plantas","Rosa, Violeta",,TODO: pendiente,no,no (catálogo),https://floristeriatujardin.es/wp-content/uploads/2020/08/P-C008.jpg
5622,P-C.011,Cesta Plantas Creta,cesta-plantas-creta,55.0,plantas/centros-plantas | plantas,"centros-plantas, plantas","Rojo, Rosa",,"Composición anthurium, kalanchoe calathea, crisantermi zaniculca y hiedra",no,no (catálogo),https://floristeriatujardin.es/wp-content/uploads/2020/08/P-C011.jpg
5623,P-C.012,Cesta Plantas Flowers,cesta-plantas-flowers,25.0,plantas/centros-plantas | plantas,"centros-plantas, plantas",Rosa,,"Kalanchoe, hipoestes, helecho y hiedra",no,no (catálogo),https://floristeriatujardin.es/wp-content/uploads/2020/08/P-C012.jpg
5624,P-C.013,Cesta Plantas Garden,cesta-plantas-garden,35.0,plantas/centros-plantas | plantas,"centros-plantas, plantas",Rojo,,"Croton, kalanchoe, spatifilium y peperomia",sí,no (catálogo),https://floristeriatujardin.es/wp-content/uploads/2020/08/P-C013.jpg
5625,P-C.014,Cesta Plantas Kalanchoe,cesta-plantas-kalanchoe,25.0,plantas/centros-plantas | plantas,"centros-plantas, plantas",Rosa,,"Kalanchoe, helecho pteris y dieffenbanchia",no,no (catálogo),https://floristeriatujardin.es/wp-content/uploads/2020/08/P-C014.jpg
5626,P-C.015,Composición Plantas Hiedra,composicion-plantas-hiedra,15.0,plantas/centros-plantas | plantas,"centros-plantas, plantas",Naranja,,"Kalanchoe, hiedra y dizygotheca",no,no (catálogo),https://floristeriatujardin.es/wp-content/uploads/2020/08/P-C015.jpg
5593,P-IN.001,Anthurium,anthurium,13.0,plantas/interior | plantas,"interior, plantas",Rojo,,TODO: pendiente,no,no (catálogo),https://floristeriatujardin.es/wp-content/uploads/2020/08/P-IN001.jpg
5607,P-IN.003,Bromelia,bromelia,9.5,plantas/interior | plantas,"interior, plantas",Rojo,,TODO: pendiente,no,no (catálogo),https://floristeriatujardin.es/wp-content/uploads/2020/08/P-IN003.jpg
5627,P-IN.017,Dracena Marginata,dracena-marginata,10.0,plantas/interior | plantas,"interior, plantas",Rojo,,TODO: pendiente,no,no (catálogo),https://floristeriatujardin.es/wp-content/uploads/2020/08/P-IN016.jpg
5628,P-IN.019,Ficus Elastica,ficus-elastica,15.5,plantas/interior | plantas,"interior, plantas",,,TODO: pendiente,no,no (catálogo),https://floristeriatujardin.es/wp-content/uploads/2020/08/P-IN019.jpg
5638,P-IN.025,Sansevieria,sansevieria,8.5,plantas/interior | plantas,"interior, plantas",,,TODO: pendiente,no,no (catálogo),https://floristeriatujardin.es/wp-content/uploads/2020/08/P-IN025.jpg
5639,P-IN.028,Tronco de Brasil,tronco-brasil,15.0,plantas/interior | plantas,"interior, plantas",,,TODO: pendiente,no,no (catálogo),https://floristeriatujardin.es/wp-content/uploads/2020/08/P-IN028.jpg
5629,P-OR.020,Orquidea Phalaenopsis,orquidea-phalaenopsis,16.9,plantas | plantas/orquideas,"orquideas, plantas",Blanco,,TODO: pendiente,no,no (catálogo),https://floristeriatujardin.es/wp-content/uploads/2020/08/P-OR020.jpg
5636,P-OR.022,Orquidea Phalaenopsis,orquidea-phalaenopsis-azul,22.0,plantas | plantas/orquideas,"orquideas, plantas",Azul,,TODO: pendiente,sí,no (catálogo),https://floristeriatujardin.es/wp-content/uploads/2020/08/P-OR022.jpg
5637,P-OR.023,Orquidea Phalaenopsis,orquidea-phalaenopsis-rosa,16.9,plantas | plantas/orquideas,"orquideas, plantas",Rosa,,TODO: pendiente,no,no (catálogo),https://floristeriatujardin.es/wp-content/uploads/2020/08/P-OR023.jpg
