tipo,url
author.xml,/author/tujardin/
category.xml,/category/bouquets/
category.xml,/category/cactuses/
category.xml,/category/exotic-blooms/
category.xml,/category/greens/
category.xml,/category/plants/
category.xml,/category/roses/
category.xml,/category/sin-categoria/
masonry-gallery-category.xml,/masonry-gallery-category/our-gallery/
pa_color.xml,/color/amarillo/
pa_color.xml,/color/azul/
pa_color.xml,/color/blanco/
pa_color.xml,/color/multicolor/
pa_color.xml,/color/naranja/
pa_color.xml,/color/rojo/
pa_color.xml,/color/rosa/
pa_color.xml,/color/violeta/
page.xml,/
page.xml,/faq-page/
page.xml,/carro/
page.xml,/tienda/
page.xml,/eventos/
page.xml,/politica-privacidad/
page.xml,/politica-cookies/
page.xml,/nosotros/
page.xml,/contacto/
portfolio-category.xml,/portfolio-category/bautizos/
portfolio-category.xml,/portfolio-category/bodas/
portfolio-category.xml,/portfolio-category/carnaval/
portfolio-category.xml,/portfolio-category/celebraciones/
portfolio-category.xml,/portfolio-category/comuniones/
portfolio-category.xml,/portfolio-category/semana-santa/
portfolio-item.xml,/portfolio-item/
portfolio-item.xml,/portfolio-item/semana-santa/
portfolio-item.xml,/portfolio-item/diademas/
portfolio-item.xml,/portfolio-item/carnaval/
portfolio-item.xml,/portfolio-item/decoracion-bodas/
portfolio-item.xml,/portfolio-item/ramos-novia/
post.xml,/for-every-home/
post.xml,/where-flowers-are-our-inspiration-to-create-lasting-memories/
post.xml,/elegant/
post.xml,/the-gift/
post.xml,/colorful/
post.xml,/beautiful/
post.xml,/only-the-best/
post.xml,/flower-power/
post.xml,/local-florists/
post.xml,/flower-beauty/
post.xml,/the-sound-of-flowers/
post.xml,/making-bouquets/
post.xml,/we-dont-just-create-bouquets-we-create-emotions/
post.xml,/shouldnt-your-flowers-be-unique-too/
post.xml,/your-first-choice/
post.xml,/whatever-the-occasion-our-flowers-will-make-it-special/
post.xml,/creating-messages-of-magnificence/
post.xml,/for-you/
post.xml,/award-winning-florist/
post.xml,/say-it-with-flowers/
post.xml,/creative-solutions-for-all-your-floral-needs/
post.xml,/where-dreams-become-reality/
post.xml,/made-with-care/
post.xml,/well-bring-the-flowers/
post.xml,/the-art-of-fresher-flowers/
post.xml,/flowers-anytime/
post.xml,/beautifull-flowers/
post.xml,/with-impact/
post.xml,/say-you-care/
post.xml,/hola-mundo/
post_tag.xml,/tag/bouquets/
post_tag.xml,/tag/rose/
product.xml,/tienda/
product.xml,/producto/corona-rosas-excelent/
product.xml,/producto/centro-blanco-amarillo/
product.xml,/producto/centro-rosa/
product.xml,/producto/centro-dama-blanca/
product.xml,/producto/ramo-lillium/
product.xml,/producto/ramo-rojo/
product.xml,/producto/ramo-mixto/
product.xml,/producto/ramo-blanco/
product.xml,/producto/cruz-claveles/
product.xml,/producto/anthurium/
product.xml,/producto/bromelia/
product.xml,/producto/centro-suculentas/
product.xml,/producto/cesta-plantas-creta/
product.xml,/producto/centro-cactus/
product.xml,/producto/centro-plantas/
product.xml,/producto/cesta-plantas-kalanchoe/
product.xml,/producto/composicion-plantas-hiedra/
product.xml,/producto/dracena-marginata/
product.xml,/producto/ficus-elastica/
product.xml,/producto/orquidea-phalaenopsis/
product.xml,/producto/orquidea-phalaenopsis-rosa/
product.xml,/producto/sansevieria/
product.xml,/producto/tronco-brasil/
product.xml,/producto/cesta-navidad/
product.xml,/producto/centro-navidad/
product.xml,/producto/centro-mesa-navidad-2/
product.xml,/producto/centro-navideno/
product.xml,/producto/pinos-decorados/
product.xml,/producto/rosa-preservada-cupula/
product.xml,/producto/rosa-preservada-quesera/
product.xml,/producto/rosmelia-preservada-cupula/
product.xml,/producto/rosa-preservada-farol/
product.xml,/producto/caja-corazon-rosmelia/
product.xml,/producto/rosa-preservada-caja/
product.xml,/producto/rosa-preservada-caja-2/
product.xml,/producto/rosa-preservada-cupula-2/
product.xml,/producto/rosa-spider/
product.xml,/producto/bouquet-rosas/
product.xml,/producto/centro-rosas-cinnia/
product.xml,/producto/centro-rosas-elvia/
product.xml,/producto/rosa-corazon/
product.xml,/producto/bouquet-rosas-calas-atenas/
product.xml,/producto/ramo-rosas-poema/
product.xml,/producto/rosa-decorada/
product.xml,/producto/ramo-rosas-ares/
product.xml,/producto/ramo-rosas-noha/
product.xml,/producto/ramo-rosas-elma/
product.xml,/producto/ramo-rosas-morgana/
product.xml,/producto/ramo-rosas-bali/
product.xml,/producto/ramo-rosas-cora/
product.xml,/producto/bouquet-rosas-capri/
product.xml,/producto/bouquet-rosas-saona/
product.xml,/producto/bouquet-emocion/
product.xml,/producto/centro-anthurium/
product.xml,/producto/ramo-gerberas-mimoso/
product.xml,/producto/bouquet-sonrisa/
product.xml,/producto/abanico/
product.xml,/producto/bouquet-calma/
product.xml,/producto/bouquet-strelitzia/
product.xml,/producto/centro-delicia/
product.xml,/producto/bouquet-dulzura/
product.xml,/producto/centro-infinito/
product.xml,/producto/bouquet-abril/
product.xml,/producto/bouquet-leire/
product.xml,/producto/ramo-minerva/
product.xml,/producto/ramo-habana/
product.xml,/producto/ramo-maldivas/
product.xml,/producto/ramo-venecia/
product.xml,/producto/ramo-tornasol/
product.xml,/producto/centro-oriental-2/
product.xml,/producto/orquidea-phalaenopsis-azul/
product.xml,/producto/cesta-plantas-garden/
product.xml,/producto/ramo-cartagena/
product.xml,/producto/centro-mosaico/
product.xml,/producto/bouquet-acapulco/
product.xml,/producto/bouquet-amanecer/
product.xml,/producto/bouquet-cies/
product.xml,/producto/bouquet-ninara/
product.xml,/producto/bombonera-flores/
product.xml,/producto/cesta-campestre/
product.xml,/producto/cesta-primavera/
product.xml,/producto/bouquet-saint-michel/
product.xml,/producto/bouquet-chamberi/
product.xml,/producto/bouquet-hechizo/
product.xml,/producto/tartas-bebe/
product.xml,/producto/centro-anthurium-y-orquideas-2/
product.xml,/producto/centro-anthurium-y-orquideas/
product.xml,/producto/centro-rosas-orquideas/
product.xml,/producto/centro-orquideas/
product.xml,/producto/cesta-orquideas/
product.xml,/producto/centro-orquideas-2/
product.xml,/producto/centrito-orquideas/
product.xml,/producto/peluche-orquidea/
product.xml,/producto/ramo-rosas-peluche/
product.xml,/producto/corona-blanca/
product.xml,/producto/corona-roja/
product.xml,/producto/corona-basic/
product.xml,/producto/corona-lilium/
product.xml,/producto/corona-rayas/
product.xml,/producto/corona-multicolor/
product.xml,/producto/corona-cladiolos/
product.xml,/producto/corona-perla/
product.xml,/producto/corona-rosa/
product.xml,/producto/corona-standard/
product.xml,/producto/corona-pastel/
product.xml,/producto/corona-select/
product.xml,/producto/corona-dama-blanca/
product.xml,/producto/corona-rosas-bicolor/
product.xml,/producto/centro-naranja/
product.xml,/producto/centro-lisiantu/
product.xml,/producto/centro-amarillo/
product.xml,/producto/centro-oriental/
product.xml,/producto/centro-rojo/
product.xml,/producto/centro-de-rosas/
product.xml,/producto/ramo-blanco-amarillo/
product.xml,/producto/ramo-rosa-blanco/
product.xml,/producto/corazon-rojo/
product.xml,/producto/corazon-rosas/
product.xml,/producto/cruz-claveles-rosas/
product.xml,/producto/cruz-rosas/
product.xml,/producto/bouquet-rosas-kira/
product.xml,/producto/cesta-plantas-flowers/
product.xml,/producto/centro-elian/
product.xml,/producto/corona-mixta/
product.xml,/producto/cesta-plantas-milos/
product.xml,/producto/centro-osito/
product_cat.xml,/product-category/flores/centros-flores/
product_cat.xml,/product-category/plantas/centros-plantas/
product_cat.xml,/product-category/ocasiones/enamorados/
product_cat.xml,/product-category/plantas/interior/
product_cat.xml,/product-category/ocasiones/nacimiento/
product_cat.xml,/product-category/ocasiones/navidad/
product_cat.xml,/product-category/ocasiones/
product_cat.xml,/product-category/flores/preservadas/
product_cat.xml,/product-category/flores/ramos-flores/
product_cat.xml,/product-category/funerarios/funerarios-ramos/
product_cat.xml,/product-category/ocasiones/regalo/
product_cat.xml,/product-category/flores/rosas/
product_cat.xml,/product-category/flores/
product_cat.xml,/product-category/plantas/
product_cat.xml,/product-category/plantas/orquideas/
product_cat.xml,/product-category/funerarios/
product_cat.xml,/product-category/funerarios/funerarios-centros/
product_cat.xml,/product-category/funerarios/corazones/
product_cat.xml,/product-category/funerarios/coronas/
product_cat.xml,/product-category/funerarios/cruces/
product_tag.xml,/product-tag/cactus/
product_tag.xml,/product-tag/centro-flores/
product_tag.xml,/product-tag/centros-funerarios/
product_tag.xml,/product-tag/centros-plantas/
product_tag.xml,/product-tag/corazones/
product_tag.xml,/product-tag/coronas/
product_tag.xml,/product-tag/cruces/
product_tag.xml,/product-tag/enamorados/
product_tag.xml,/product-tag/interior/
product_tag.xml,/product-tag/nacimiento/
product_tag.xml,/product-tag/navidad/
product_tag.xml,/product-tag/ocasiones/
product_tag.xml,/product-tag/orquideas/
product_tag.xml,/product-tag/plantas/
product_tag.xml,/product-tag/preservado/
product_tag.xml,/product-tag/ramos-flores/
product_tag.xml,/product-tag/ramos-funerarios/
product_tag.xml,/product-tag/regalo/
product_tag.xml,/product-tag/rosas/
testimonials-category.xml,/testimonials-category/bodas/
testimonials-category.xml,/testimonials-category/enamorados/
testimonials-category.xml,/testimonials-category/ocasiones/
